listing_id,date_scraped,date_posted,title,estate,district,floor,size_sqft,rooms,price,unit_price,sold_price,views,source,url
39fa0d5cda05,2026-04-29,,,,,,,,,,,,ricacorp.com,https://www.ricacorp.com/en-hk/property/list/buy/the-long-beach-estate-olympic-station-hma-en
7278c679db4c,2026-04-29,,Ricacorp Hot Estates,Ricacorp Hot Estates,,,,,,,,,ricacorp.com,https://www.ricacorp.com/en-hk/property/estate/the-long-beach-estate-olympic-station-hma-en
eb13a091ee57,2026-04-29,,浪澄灣 9座,浪澄灣 9座,奧運站,21年樓齡 · 向西南 · 76% 實用率,845呎 @ $56 /呎,8分鐘,"48,000萬",@ $56 /呎,,,hk.centanet.com,https://hk.centanet.com/findproperty/detail/%E6%B5%AA%E6%BE%84%E7%81%A3-9%E5%BA%A7_UAG263?theme=rent
0618192306ce,2026-05-01,,浪澄灣 9座,浪澄灣 9座,奧運,高層,,3,"HKD 48,000",@$56/呎,,,hk.centanet.com,https://hk.centanet.com/findproperty/detail/%E6%B5%AA%E6%BE%84%E7%81%A3-9%E5%BA%A7_UAG263
60cb38e811d7,2026-05-01,,深水埗地鐵站3分鐘，新裝修，方便乾淨企理，歡迎在職人士，學生，各大地產代理合作,森明唐樓,深水埗,低層,1000,,"HKD 6,500",@$6.5/呎,,,28hse.com,https://www.28hse.com/rent/apartment/property-3821660
808a5dab76fc,2026-05-01,,【匯璽】4房 最平這間 !!!,匯璽,南昌,低層,1221,4,"HKD 68,000",@$55.7/呎,,,28hse.com,https://www.28hse.com/rent/apartment/property-3814438
55aeccc0c3b9,2026-05-08,15 小時前,南昌站上蓋匯璽4房雙套罕有放盤,匯璽,南昌,低層,1254,4,"HKD 65,000",@$51.8/呎,,,28hse.com,https://www.28hse.com/rent/apartment/property-3839116
ee2442edc619,2026-05-16,19 小時前,《東南開揚美景 歡迎查詢《優質實用四房兩套+工人套,瓏璽,奧運,中層,1003,4,"HKD 55,000",@$43.2/呎,,,28hse.com,https://www.28hse.com/rent/apartment/property-3849554
61c03dde44b0,2026-05-23,,業主誠意推介 煙花海景 三房企理即住,維港灣,奧運,中層,911,3,"HKD 50,000",@$41.2/呎,,,28hse.com,https://www.28hse.com/rent/apartment/property-3856109
c734712cb332,2026-05-23,,業主誠意推介 罕有放盤 煙花海景,帝峰皇殿,奧運,高層,1438,4,"HKD 85,000",@$45.2/呎,,,28hse.com,https://www.28hse.com/rent/apartment/property-3856048
74aa7242cc5f,2026-06-06,,美孚新邨 6期 蘭秀道38 40號,美孚新邨 6期 蘭秀道38 40號,美孚,中層,,3,"HKD 38,000",@$34/呎,,,hk.centanet.com,https://hk.centanet.com/findproperty/detail/%E7%BE%8E%E5%AD%9A%E6%96%B0%E9%82%A8-6%E6%9C%9F-%E8%98%AD%E7%A7%80%E9%81%9338-40%E8%99%9F_MOO127
26b4f18c520d,2026-06-06,20 小時前,4房2套單位,匯璽,南昌,高層,1254,4,"HKD 68,000",@$54.2/呎,,,28hse.com,https://www.28hse.com/rent/apartment/property-3877288
051df4f534ec,2026-06-13,,匯璽3期5A座! 低層4房套!! 歡迎看!不可寵物! 正南昌站上蓋!,匯璽,南昌,低層,1254,4,"HKD 67,000",@$53.4/呎,,,28hse.com,https://www.28hse.com/rent/apartment/property-3886231
7c1fee4e73d5,2026-06-20,,《實盤》廳大房大，業主firm租，馬上約睇,匯璽,南昌,中層,1254,4,"HKD 67,000",@$53.4/呎,,,28hse.com,https://www.28hse.com/rent/apartment/property-3895481
f0809eb011ca,2026-07-04,,"1500尺76,000！南昌站大四房海景出租！",匯璽,南昌,高層,1254,4,"HKD 68,000",@$54.2/呎,,,28hse.com,https://www.28hse.com/rent/apartment/property-3913946
7e70507f0d13,2026-07-04,,西九龍罕有四房套，即约即睇,海峯,深水埗,中層,978,,"HKD 34,000",@$34.8/呎,,,28hse.com,https://www.28hse.com/rent/apartment/property-3908231
50932b2f8f65,2026-07-04,,業主誠意推介 企理三房 即住,瓏璽,奧運,高層,1002,3,"HKD 58,000",@$57.9/呎,,,28hse.com,https://www.28hse.com/rent/apartment/property-3912680
3ff5016dbad6,2026-07-11,23 小時前,利嘉閣獨家荀盤 南昌站上蓋—匯壐高層4房4廁罕有放租,匯璽,南昌,高層,1513,4,"HKD 80,000",@$52.9/呎,,,28hse.com,https://www.28hse.com/rent/apartment/property-3926066
5e518fa63a33,2026-07-11,,南昌[匯壐] 中層1235' 4房2套,匯璽,南昌,中層,1234,4,"HKD 72,000",@$58.3/呎,,,28hse.com,https://www.28hse.com/rent/apartment/property-3919250
05bb9aa069be,2026-07-11,,南昌匯璽> 正南高層 海景4房2套+工人套,匯璽,南昌,高層,1327,4,"HKD 75,000",@$56.5/呎,,,28hse.com,https://www.28hse.com/rent/apartment/property-3918744
4fdff04e1a1d,2026-07-18,,南昌站上蓋匯璽高層向南全維港海景4房,匯璽,南昌,高層,1327,4,"HKD 75,000",@$56.5/呎,,,28hse.com,https://www.28hse.com/rent/apartment/property-3930459
c0df2f2b7a80,2026-07-25,,利奧坊 曦岸 1座,利奧坊 曦岸 1座,奧運,低層,,,"HKD 14,800",@$76/呎,,,hk.centanet.com,https://hk.centanet.com/findproperty/detail/%E5%88%A9%E5%A5%A7%E5%9D%8A-%E6%9B%A6%E5%B2%B8-1%E5%BA%A7_UIC625
75f18846439c,2026-08-01,,【三房兩衛加工人房 】維港海景 美不勝收,一號銀海,奧運,中層,1016,3,"HKD 68,000",@$66.9/呎,,,28hse.com,https://www.28hse.com/rent/apartment/property-3950458
855f7c5fd7f9,2026-08-01,,【罕有四房套連工人房】 王者氣派 居高臨下,帝峰皇殿,奧運,高層,1127,4,"HKD 66,000",@$58.6/呎,,,28hse.com,https://www.28hse.com/rent/apartment/property-3950456
bae3ce3bc804,2026-08-01,,優質快閃推介 正南煙花海景,一號銀海,奧運,中層,1016,3,"HKD 68,000",@$66.9/呎,,,28hse.com,https://www.28hse.com/rent/apartment/property-3950082
5a7cbd23ad8a,2026-08-01,,優質巨無霸推介 四房雙套,帝峰皇殿,奧運,高層,1438,4,"HKD 85,000",@$59.1/呎,,,28hse.com,https://www.28hse.com/rent/apartment/property-3949594
1ab6512aa240,2026-08-01,,[罕有四房三衛+ 保姆房]放租。 新鴻基物業值得你信賴,君匯港,奧運,中層,1371,4,"HKD 73,000",@$53.2/呎,,,28hse.com,https://www.28hse.com/rent/apartment/property-3947853
3570ab37b708,2026-08-08,11 小時前,匯璽四房雙套，高層向南維港景觀罕有放租,匯璽,南昌,高層,1503,,"HKD 80,000",@$53.2/呎,,,28hse.com,https://www.28hse.com/rent/apartment/property-3964748
9279f8206543,2026-08-08,20 小時前,一盤難求！海景巨3房套！比維港匯更荀！拎包入住！一號銀海！奧運地標！7分鐘奧運站,一號銀海,奧運,中層,1016,3,"HKD 67,000",@$65.9/呎,,,28hse.com,https://www.28hse.com/rent/apartment/property-3963617
